{
  "total_capacity_m3": 17.450388,
  "used_volume_m3": 4.53358018294,
  "total_waste_m3": 7.178983817060001,
  "utilization_pct": 25.979824534216654,
  "avg_fill_ratio_per_location": 0.3664256209662548,
  "n_locations_total": 357,
  "n_locations_allocated": 183,
  "n_unallocated_skus": 8,
  "unallocated_item_ids": [
    44318341,
    44820084,
    19556106,
    11822852,
    40616638,
    99361357,
    84522870,
    55635283
  ]
}