{
  "total_capacity_m3": 17.450388,
  "used_volume_m3": 10.573458603489998,
  "total_waste_m3": 6.8769293965100005,
  "utilization_pct": 60.59153872962594,
  "avg_fill_ratio_per_location": 0.6085971008374562,
  "n_locations_total": 357,
  "n_locations_allocated": 357,
  "n_unallocated_skus": 5,
  "unallocated_item_ids": [
    44318341,
    44820084,
    19556106,
    11822852,
    40616638
  ]
}