{
  "total_capacity_m3": 17.450388,
  "used_volume_m3": 3.7250915090200016,
  "total_waste_m3": 6.684070490980001,
  "utilization_pct": 21.346754633879783,
  "avg_fill_ratio_per_location": 0.3565415655527083,
  "n_locations_total": 357,
  "n_locations_allocated": 174,
  "n_unallocated_skus": 0,
  "unallocated_item_ids": []
}