{
  "total_capacity_m3": 1175.1015240000002,
  "used_volume_m3": 265.0268832126956,
  "total_waste_m3": 657.7298827873051,
  "utilization_pct": 22.553530720524844,
  "avg_fill_ratio_per_location": 0.33206764020056934,
  "n_locations_total": 6300,
  "n_locations_allocated": 3422,
  "n_unallocated_skus": 0,
  "unallocated_item_ids": []
}