{
    "W_L_RATIO_Q10": 0.261618962432916,
    "W_L_RATIO_Q50": 0.7692307692307692,
    "W_L_RATIO_Q90": 1.0,
    "D_W_RATIO_Q10": 0.03333333333333333,
    "D_W_RATIO_Q50": 0.2651515151515152,
    "D_W_RATIO_Q90": 0.9718706047819973,
    "WT_VOL_RATIO_Q10": 6.55145139205155e-05,
    "WT_VOL_RATIO_Q50": 0.0003100108047852582,
    "WT_VOL_RATIO_Q90": 0.0015051765734247719
}