{
    "W_L_RATIO_Q10": 0.24999164494351983,
    "W_L_RATIO_Q50": 0.7248188405797101,
    "W_L_RATIO_Q90": 1.0,
    "D_W_RATIO_Q10": 0.2,
    "D_W_RATIO_Q50": 0.559322033898305,
    "D_W_RATIO_Q90": 1.0,
    "WT_VOL_RATIO_Q10": 6.482826958910111e-05,
    "WT_VOL_RATIO_Q50": 0.0003249545203949421,
    "WT_VOL_RATIO_Q90": 0.001364640511152624
}